Workbook

Sheet Distance_Matrix
A1: Benchmark | B1: 14 | K2RbNaLi12(SiO4)4 | C1: 15 | Rb2ZrSi2O7 | D1: 16 | Sr2LiSiO4F | E1: 17 | SrAl2O4 | F1: 95 | Na3YSi2O7 | G1: 111 | Ba2MgSi2O7 | H1: 142 | Ba2Ca(BO3)2 | I1: 144 | Ba2Mg(PO4)2 | J1: 153 | Ba3Si6(NO6)2 | K1: 157 | BaNa(B3O5)3 | L1: 171 | BaLi2SiO4 | M1: 180 | Ba6Y2Al4O15 | N1: 199 | Cs2BaP2O7 | O1: 261 | NaCaPO4 | P1: 283 | RbLi7(SiO4)2
A2: 14 | K2RbNaLi12(SiO4)4 | B2: 0 | C2: 2.4144556 | D2: 2.0162479 | E2: 2.8570779 | F2: 2.2538765 | G2: 2.7431226 | H2: 3.0194529 | I2: 3.0749705 | J2: 2.8888484 | K2: 2.9767917 | L2: 1.7732557 | M2: 2.9705865 | N2: 2.4897888 | O2: 2.365725 | P2: 1.9924709
A3: 15 | Rb2ZrSi2O7 | B3: 2.4144556 | C3: 0 | D3: 1.7588151 | E3: 1.8735013 | F3: 1.9866746 | G3: 1.8849847 | H3: 2.1264996 | I3: 2.2351071 | J3: 2.2638525 | K3: 2.2703054 | L3: 1.9803284 | M3: 1.9790833 | N3: 1.7322346 | O3: 1.6684584 | P3: 2.0543944
A4: 16 | Sr2LiSiO4F | B4: 2.0162479 | C4: 1.7588151 | D4: 0 | E4: 2.1789656 | F4: 2.1683956 | G4: 2.00966 | H4: 2.0385979 | I4: 2.2086724 | J4: 2.3087663 | K4: 2.444782 | L4: 1.7377584 | M4: 2.1574446 | N4: 1.9587989 | O4: 1.6174135 | P4: 1.9965888
A5: 17 | SrAl2O4 | B5: 2.8570779 | C5: 1.8735013 | D5: 2.1789656 | E5: 0 | F5: 2.3423681 | G5: 1.1817564 | H5: 1.6094991 | I5: 1.5432536 | J5: 1.5754975 | K5: 2.5180347 | L5: 2.4618412 | M5: 1.4700341 | N5: 2.3733422 | O5: 2.0159474 | P5: 2.7616396
A6: 95 | Na3YSi2O7 | B6: 2.2538765 | C6: 1.9866746 | D6: 2.1683956 | E6: 2.3423681 | F6: 0 | G6: 2.4269441 | H6: 2.5860042 | I6: 2.4898082 | J6: 2.2582323 | K6: 2.4445253 | L6: 1.6451339 | M6: 2.4791495 | N6: 2.2095736 | O6: 1.7750651 | P6: 2.2406705
A7: 111 | Ba2MgSi2O7 | B7: 2.7431226 | C7: 1.8849847 | D7: 2.00966 | E7: 1.1817564 | F7: 2.4269441 | G7: 0 | H7: 1.3240802 | I7: 1.0777703 | J7: 1.4373608 | K7: 2.4017673 | L7: 2.2645892 | M7: 1.3079706 | N7: 2.0473466 | O7: 2.0682201 | P7: 2.6687844
A8: 142 | Ba2Ca(BO3)2 | B8: 3.0194529 | C8: 2.1264996 | D8: 2.0385979 | E8: 1.6094991 | F8: 2.5860042 | G8: 1.3240802 | H8: 0 | I8: 1.6554883 | J8: 1.7447531 | K8: 2.3832262 | L8: 2.380203 | M8: 1.4424799 | N8: 2.2957752 | O8: 2.3355058 | P8: 2.6341855
A9: 144 | Ba2Mg(PO4)2 | B9: 3.0749705 | C9: 2.2351071 | D9: 2.2086724 | E9: 1.5432536 | F9: 2.4898082 | G9: 1.0777703 | H9: 1.6554883 | I9: 0 | J9: 1.5832066 | K9: 2.6016925 | L9: 2.4735724 | M9: 1.7462093 | N9: 1.8135548 | O9: 1.9959154 | P9: 2.7143326
A10: 153 | Ba3Si6(NO6)2 | B10: 2.8888484 | C10: 2.2638525 | D10: 2.3087663 | E10: 1.5754975 | F10: 2.2582323 | G10: 1.4373608 | H10: 1.7447531 | I10: 1.5832066 | J10: 0 | K10: 2.2182529 | L10: 2.2407816 | M10: 1.7412785 | N10: 2.3799831 | O10: 2.2659678 | P10: 2.9677594
A11: 157 | BaNa(B3O5)3 | B11: 2.9767917 | C11: 2.2703054 | D11: 2.444782 | E11: 2.5180347 | F11: 2.4445253 | G11: 2.4017673 | H11: 2.3832262 | I11: 2.6016925 | J11: 2.2182529 | K11: 0 | L11: 2.2377857 | M11: 2.757681 | N11: 2.6938917 | O11: 2.6072491 | P11: 2.680707
A12: 171 | BaLi2SiO4 | B12: 1.7732557 | C12: 1.9803284 | D12: 1.7377584 | E12: 2.4618412 | F12: 1.6451339 | G12: 2.2645892 | H12: 2.380203 | I12: 2.4735724 | J12: 2.2407816 | K12: 2.2377857 | L12: 0 | M12: 2.5298608 | N12: 2.055967 | O12: 1.9044502 | P12: 1.7086904
A13: 180 | Ba6Y2Al4O15 | B13: 2.9705865 | C13: 1.9790833 | D13: 2.1574446 | E13: 1.4700341 | F13: 2.4791495 | G13: 1.3079706 | H13: 1.4424799 | I13: 1.7462093 | J13: 1.7412785 | K13: 2.757681 | L13: 2.5298608 | M13: 0 | N13: 2.2945349 | O13: 2.2852007 | P13: 2.930765
... A16: 283 | RbLi7(SiO4)2 | B16: 1.9924709 | C16: 2.0543944 | D16: 1.9965888 | E16: 2.7616396 | F16: 2.2406705 | G16: 2.6687844 | H16: 2.6341855 | I16: 2.7143326 | J16: 2.9677594 | K16: 2.680707 | L16: 1.7086904 | M16: 2.930765 | N16: 2.1934215 | O16: 2.07759 | P16: 0

Sheet Normalized_Distance_Matrix
A1: Benchmark | B1: 14 | K2RbNaLi12(SiO4)4 | C1: 15 | Rb2ZrSi2O7 | D1: 16 | Sr2LiSiO4F | E1: 17 | SrAl2O4 | F1: 95 | Na3YSi2O7 | G1: 111 | Ba2MgSi2O7 | H1: 142 | Ba2Ca(BO3)2 | I1: 144 | Ba2Mg(PO4)2 | J1: 153 | Ba3Si6(NO6)2 | K1: 157 | BaNa(B3O5)3 | L1: 171 | BaLi2SiO4 | M1: 180 | Ba6Y2Al4O15 | N1: 199 | Cs2BaP2O7 | O1: 261 | NaCaPO4 | P1: 283 | RbLi7(SiO4)2
A2: 14 | K2RbNaLi12(SiO4)4 | B2: 0 | C2: 0.78519636 | D2: 0.65569667 | E2: 0.92913995 | F2: 0.73297501 | G2: 0.89208095 | H2: 0.98194531 | I2: 1 | J2: 0.9394719 | K2: 0.96807162 | L2: 0.57667407 | M2: 0.96605367 | N2: 0.80969518 | O2: 0.76934885 | P2: 0.64796424
A3: 15 | Rb2ZrSi2O7 | B3: 0.78519636 | C3: 0 | D3: 0.57197788 | E3: 0.60927455 | F3: 0.64607924 | G3: 0.61300902 | H3: 0.69155123 | I3: 0.72687105 | J3: 0.73621926 | K3: 0.73831779 | L3: 0.64401541 | M3: 0.6436105 | N3: 0.56333374 | O3: 0.54259331 | P3: 0.66810215
A4: 16 | Sr2LiSiO4F | B4: 0.65569667 | C4: 0.57197788 | D4: 0 | E4: 0.70861349 | F4: 0.70517605 | G4: 0.65355423 | H4: 0.66296502 | I4: 0.71827434 | J4: 0.75082551 | K4: 0.79505867 | L4: 0.5651301 | M4: 0.70161475 | N4: 0.63701387 | O4: 0.52599318 | P4: 0.6493034
A5: 17 | SrAl2O4 | B5: 0.92913995 | C5: 0.60927455 | D5: 0.70861349 | E5: 0 | F5: 0.76175302 | G5: 0.3843147 | H5: 0.52341937 | I5: 0.5018759 | J5: 0.51236182 | K5: 0.81888093 | L5: 0.80060644 | M5: 0.47806445 | N5: 0.77182601 | O5: 0.65559895 | P5: 0.8981028
A6: 95 | Na3YSi2O7 | B6: 0.73297501 | C6: 0.64607924 | D6: 0.70517605 | E6: 0.76175302 | F6: 0 | G6: 0.7892577 | H6: 0.84098504 | I6: 0.8097015 | J6: 0.73439153 | K6: 0.79497522 | L6: 0.53500804 | M6: 0.80623523 | N6: 0.71856742 | O6: 0.57726249 | P6: 0.72868032
A7: 111 | Ba2MgSi2O7 | B7: 0.89208095 | C7: 0.61300902 | D7: 0.65355423 | E7: 0.3843147 | F7: 0.7892577 | G7: 0 | H7: 0.43059933 | I7: 0.35049777 | J7: 0.46743889 | K7: 0.78107002 | L7: 0.73645883 | M7: 0.42536038 | N7: 0.66581014 | O7: 0.67259835 | P7: 0.86790568
A8: 142 | Ba2Ca(BO3)2 | B8: 0.98194531 | C8: 0.69155123 | D8: 0.66296502 | E8: 0.52341937 | F8: 0.84098504 | G8: 0.43059933 | H8: 0 | I8: 0.53837533 | J8: 0.56740481 | K8: 0.77504035 | L8: 0.77405719 | M8: 0.46910365 | N8: 0.74660072 | O8: 0.75952136 | P8: 0.85665392
A9: 144 | Ba2Mg(PO4)2 | B9: 1 | C9: 0.72687105 | D9: 0.71827434 | E9: 0.5018759 | F9: 0.8097015 | G9: 0.35049777 | H9: 0.53837533 | I9: 0 | J9: 0.51486889 | K9: 0.84608699 | L9: 0.8044215 | M9: 0.56787838 | N9: 0.58977958 | O9: 0.64908441 | P9: 0.88271826
A10: 153 | Ba3Si6(NO6)2 | B10: 0.9394719 | C10: 0.73621926 | D10: 0.75082551 | E10: 0.51236182 | F10: 0.73439153 | G10: 0.46743889 | H10: 0.56740481 | I10: 0.51486889 | J10: 0 | K10: 0.72138997 | L10: 0.72871645 | M10: 0.56627485 | N10: 0.77398567 | O10: 0.73690716 | P10: 0.96513428
A11: 157 | BaNa(B3O5)3 | B11: 0.96807162 | C11: 0.73831779 | D11: 0.79505867 | E11: 0.81888093 | F11: 0.79497522 | G11: 0.78107002 | H11: 0.77504035 | I11: 0.84608699 | J11: 0.72138997 | K11: 0 | L11: 0.72774216 | M11: 0.89681545 | N11: 0.87607074 | O11: 0.84789403 | P11: 0.871783
A12: 171 | BaLi2SiO4 | B12: 0.57667407 | C12: 0.64401541 | D12: 0.5651301 | E12: 0.80060644 | F12: 0.53500804 | G12: 0.73645883 | H12: 0.77405719 | I12: 0.8044215 | J12: 0.72871645 | K12: 0.72774216 | L12: 0 | M12: 0.82272685 | N12: 0.66861356 | O12: 0.61933935 | P12: 0.555677
A13: 180 | Ba6Y2Al4O15 | B13: 0.96605367 | C13: 0.6436105 | D13: 0.70161475 | E13: 0.47806445 | F13: 0.80623523 | G13: 0.42536038 | H13: 0.46910365 | I13: 0.56787838 | J13: 0.56627485 | K13: 0.89681545 | L13: 0.82272685 | M13: 0 | N13: 0.74619738 | O13: 0.74316184 | P13: 0.95310347
... A16: 283 | RbLi7(SiO4)2 | B16: 0.64796424 | C16: 0.66810215 | D16: 0.6493034 | E16: 0.8981028 | F16: 0.72868032 | G16: 0.86790568 | H16: 0.85665392 | I16: 0.88271826 | J16: 0.96513428 | K16: 0.871783 | L16: 0.555677 | M16: 0.95310347 | N16: 0.71331465 | O16: 0.67564549 | P16: 0

Sheet Pairwise_105
A1: Pair_Rank_From_Nearest | B1: Benchmark_A_Number | C1: Benchmark_A_Composition | D1: Cluster_A | E1: Benchmark_B_Number | F1: Benchmark_B_Composition | G1: Cluster_B | H1: Same_Cluster | I1: Euclidean_Distance | J1: Normalized_Euclidean_Distance | K1: Benchmark_A_Debye_K | L1: Benchmark_B_Debye_K | M1: Debye_Temperature_Difference_K
A2: 1 | B2: 111 | C2: Ba2MgSi2O7 | D2: 2 | E2: 144 | F2: Ba2Mg(PO4)2 | G2: 2 | H2: TRUE | I2: 1.0777703 | J2: 0.35049777 | K2: =VLOOKUP(C2,Debye_Reference!$A$2:$B$16,2,FALSE) -> 433.8 | L2: =VLOOKUP(F2,Debye_Reference!$A$2:$B$16,2,FALSE) -> 366.1 | M2: =ABS(K2-L2) -> 67.7
A3: 2 | B3: 17 | C3: SrAl2O4 | D3: 3 | E3: 111 | F3: Ba2MgSi2O7 | G3: 2 | H3: FALSE | I3: 1.1817564 | J3: 0.3843147 | K3: =VLOOKUP(C3,Debye_Reference!$A$2:$B$16,2,FALSE) -> 507.2 | L3: =VLOOKUP(F3,Debye_Reference!$A$2:$B$16,2,FALSE) -> 433.8 | M3: =ABS(K3-L3) -> 73.4
A4: 3 | B4: 111 | C4: Ba2MgSi2O7 | D4: 2 | E4: 180 | F4: Ba6Y2Al4O15 | G4: 3 | H4: FALSE | I4: 1.3079706 | J4: 0.42536038 | K4: =VLOOKUP(C4,Debye_Reference!$A$2:$B$16,2,FALSE) -> 433.8 | L4: =VLOOKUP(F4,Debye_Reference!$A$2:$B$16,2,FALSE) -> 425 | M4: =ABS(K4-L4) -> 8.8
A5: 4 | B5: 111 | C5: Ba2MgSi2O7 | D5: 2 | E5: 142 | F5: Ba2Ca(BO3)2 | G5: 3 | H5: FALSE | I5: 1.3240802 | J5: 0.43059933 | K5: =VLOOKUP(C5,Debye_Reference!$A$2:$B$16,2,FALSE) -> 433.8 | L5: =VLOOKUP(F5,Debye_Reference!$A$2:$B$16,2,FALSE) -> 396.1 | M5: =ABS(K5-L5) -> 37.7
A6: 5 | B6: 111 | C6: Ba2MgSi2O7 | D6: 2 | E6: 153 | F6: Ba3Si6(NO6)2 | G6: 2 | H6: TRUE | I6: 1.4373608 | J6: 0.46743889 | K6: =VLOOKUP(C6,Debye_Reference!$A$2:$B$16,2,FALSE) -> 433.8 | L6: =VLOOKUP(F6,Debye_Reference!$A$2:$B$16,2,FALSE) -> 442.4 | M6: =ABS(K6-L6) -> 8.6
A7: 6 | B7: 142 | C7: Ba2Ca(BO3)2 | D7: 3 | E7: 180 | F7: Ba6Y2Al4O15 | G7: 3 | H7: TRUE | I7: 1.4424799 | J7: 0.46910365 | K7: =VLOOKUP(C7,Debye_Reference!$A$2:$B$16,2,FALSE) -> 396.1 | L7: =VLOOKUP(F7,Debye_Reference!$A$2:$B$16,2,FALSE) -> 425 | M7: =ABS(K7-L7) -> 28.9
A8: 7 | B8: 17 | C8: SrAl2O4 | D8: 3 | E8: 180 | F8: Ba6Y2Al4O15 | G8: 3 | H8: TRUE | I8: 1.4700341 | J8: 0.47806445 | K8: =VLOOKUP(C8,Debye_Reference!$A$2:$B$16,2,FALSE) -> 507.2 | L8: =VLOOKUP(F8,Debye_Reference!$A$2:$B$16,2,FALSE) -> 425 | M8: =ABS(K8-L8) -> 82.2
A9: 8 | B9: 17 | C9: SrAl2O4 | D9: 3 | E9: 144 | F9: Ba2Mg(PO4)2 | G9: 2 | H9: FALSE | I9: 1.5432536 | J9: 0.5018759 | K9: =VLOOKUP(C9,Debye_Reference!$A$2:$B$16,2,FALSE) -> 507.2 | L9: =VLOOKUP(F9,Debye_Reference!$A$2:$B$16,2,FALSE) -> 366.1 | M9: =ABS(K9-L9) -> 141.1
A10: 9 | B10: 17 | C10: SrAl2O4 | D10: 3 | E10: 153 | F10: Ba3Si6(NO6)2 | G10: 2 | H10: FALSE | I10: 1.5754975 | J10: 0.51236182 | K10: =VLOOKUP(C10,Debye_Reference!$A$2:$B$16,2,FALSE) -> 507.2 | L10: =VLOOKUP(F10,Debye_Reference!$A$2:$B$16,2,FALSE) -> 442.4 | M10: =ABS(K10-L10) -> 64.8
A11: 10 | B11: 144 | C11: Ba2Mg(PO4)2 | D11: 2 | E11: 153 | F11: Ba3Si6(NO6)2 | G11: 2 | H11: TRUE | I11: 1.5832066 | J11: 0.51486889 | K11: =VLOOKUP(C11,Debye_Reference!$A$2:$B$16,2,FALSE) -> 366.1 | L11: =VLOOKUP(F11,Debye_Reference!$A$2:$B$16,2,FALSE) -> 442.4 | M11: =ABS(K11-L11) -> 76.3
A12: 11 | B12: 17 | C12: SrAl2O4 | D12: 3 | E12: 142 | F12: Ba2Ca(BO3)2 | G12: 3 | H12: TRUE | I12: 1.6094991 | J12: 0.52341937 | K12: =VLOOKUP(C12,Debye_Reference!$A$2:$B$16,2,FALSE) -> 507.2 | L12: =VLOOKUP(F12,Debye_Reference!$A$2:$B$16,2,FALSE) -> 396.1 | M12: =ABS(K12-L12) -> 111.1
A13: 12 | B13: 16 | C13: Sr2LiSiO4F | D13: 4 | E13: 261 | F13: NaCaPO4 | G13: 4 | H13: TRUE | I13: 1.6174135 | J13: 0.52599318 | K13: =VLOOKUP(C13,Debye_Reference!$A$2:$B$16,2,FALSE) -> 492.9 | L13: =VLOOKUP(F13,Debye_Reference!$A$2:$B$16,2,FALSE) -> 497.2 | M13: =ABS(K13-L13) -> 4.3
... A106: 105 | B106: 14 | C106: K2RbNaLi12(SiO4)4 | D106: 4 | E106: 144 | F106: Ba2Mg(PO4)2 | G106: 2 | H106: FALSE | I106: 3.0749705 | J106: 1 | K106: =VLOOKUP(C106,Debye_Reference!$A$2:$B$16,2,FALSE) -> 637.4 | L106: =VLOOKUP(F106,Debye_Reference!$A$2:$B$16,2,FALSE) -> 366.1 | M106: =ABS(K106-L106) -> 271.3

Sheet Benchmark_PCA_Cluster
A1: Number | B1: Composition | C1: Cluster | D1: PC1 | E1: PC2 | F1: PC3 | G1: PC4 | H1: PC5 | I1: PC6 | J1: PC7 | K1: PC8 | L1: PC9 | M1: PC10 | N1: PC11 | O1: PC12 | P1: PC13 | Q1: PC14 | R1: PC15 | S1: PC16 | T1: PC17 | U1: PC18 | V1: PC19 | W1: PC20 | X1: PC21 | Y1: PC22 | Z1: PC23 | AA1: PC24 | AB1: PC25 | AC1: PC26 | AD1: PC27 | AE1: PC28 | AF1: PC29 | AG1: PC30 | AH1: PC31 | AI1: PC32 | AJ1: PC33 | AK1: PC34
A2: 14 | B2: K2RbNaLi12(SiO4)4 | C2: 4 | D2: 1.3659111 | E2: 0.43771177 | F2: 0.13761656 | G2: 0.2780811 | H2: 0.3226356 | I2: 0.22280764 | J2: -0.18475044 | K2: -0.3358046 | L2: 0.36845044 | M2: 0.19599287 | N2: -0.095346953 | O2: 0.31859367 | P2: 0.62797228 | Q2: 0.29009355 | R2: -0.14170863 | S2: -0.045718276 | T2: 0.50164363 | U2: -0.57065707 | V2: 0.18752734 | W2: 0.16685128 | X2: -0.24870596 | Y2: 0.11722031 | Z2: -0.15302855 | AA2: -0.061421364 | AB2: -0.32343475 | AC2: 0.34457043 | AD2: 0.04588341 | AE2: 0.097896011 | AF2: 0.44568795 | AG2: -0.1878356 | AH2: -0.05932548 | AI2: -0.012290415 | AJ2: -0.041066931 | AK2: 0.18067692
A3: 15 | B3: Rb2ZrSi2O7 | C3: 4 | D3: 0.47808943 | E3: 0.12311576 | F3: 0.45106053 | G3: -0.2319014 | H3: -0.12077767 | I3: -0.14532088 | J3: 0.063929401 | K3: 0.57836429 | L3: -0.10764046 | M3: 0.063187992 | N3: 0.076794794 | O3: -0.16064811 | P3: 0.086968085 | Q3: 0.082123947 | R3: 0.10819317 | S3: -0.026566217 | T3: -0.0012581761 | U3: 0.2798658 | V3: -0.13604527 | W3: -0.3484021 | X3: -0.16563375 | Y3: 0.28617374 | Z3: 0.40398843 | AA3: 0.022965688 | AB3: 0.094808922 | AC3: 0.019295979 | AD3: 0.51403172 | AE3: 0.092507607 | AF3: 0.049028563 | AG3: 0.017803729 | AH3: 0.067385277 | AI3: -0.097652406 | AJ3: 0.028235489 | AK3: 0.022517785
A4: 16 | B4: Sr2LiSiO4F | C4: 4 | D4: 0.65732797 | E4: 0.13115315 | F4: 0.28106473 | G4: 0.064950759 | H4: -0.065267835 | I4: -0.30315876 | J4: -0.47657815 | K4: -0.22619881 | L4: -0.13854937 | M4: -0.52378029 | N4: 0.18201217 | O4: -0.30796879 | P4: -0.068519592 | Q4: 0.11959565 | R4: -0.11813612 | S4: 0.24384065 | T4: 0.36220714 | U4: -0.040611624 | V4: 0.17615778 | W4: -0.11400354 | X4: 0.12126371 | Y4: -0.00089665543 | Z4: -0.16760275 | AA4: 0.24736002 | AB4: -0.15454301 | AC4: 0.0077584142 | AD4: -0.11748608 | AE4: 0.20934748 | AF4: 0.065412973 | AG4: -0.013837935 | AH4: -0.044765412 | AI4: 0.072426745 | AJ4: 0.033000581 | AK4: -0.02198972
A5: 17 | B5: SrAl2O4 | C5: 3 | D5: -0.72199584 | E5: 0.32833113 | F5: 0.044008413 | G5: 0.13557236 | H5: -0.44215698 | I5: -0.029397561 | J5: -0.16392706 | K5: 0.082727478 | L5: -0.23939362 | M5: 0.25446963 | N5: -0.21455336 | O5: 0.02074231 | P5: 0.36455101 | Q5: 0.21892661 | R5: 0.1724521 | S5: 0.2421229 | T5: -0.37680289 | U5: 0.037533278 | V5: 0.016809902 | W5: -0.17953493 | X5: -0.12548847 | Y5: -0.040395787 | Z5: 0.2468201 | AA5: -0.01488898 | AB5: -0.34103672 | AC5: -0.070684024 | AD5: -0.01060805 | AE5: -0.047677581 | AF5: -0.20874824 | AG5: -0.0010568276 | AH5: 0.071083114 | AI5: -0.14258064 | AJ5: 0.095435046 | AK5: 0.15095509
A6: 95 | B6: Na3YSi2O7 | C6: 4 | D6: 0.63271295 | E6: 0.31064368 | F6: -0.23132744 | G6: 0.48814606 | H6: 0.65104965 | I6: -0.043494148 | J6: 0.26093637 | K6: 0.5279823 | L6: 0.45219918 | M6: 0.22429007 | N6: 0.13423549 | O6: 0.1419282 | P6: -0.06749921 | Q6: 0.27629479 | R6: 0.27524446 | S6: 0.16848198 | T6: -0.29513466 | U6: 0.1363987 | V6: 0.42962716 | W6: 0.13061906 | X6: 0.37601949 | Y6: -0.12691992 | Z6: -0.15064093 | AA6: -0.2527142 | AB6: 0.10018465 | AC6: -0.011809772 | AD6: 0.17573706 | AE6: -0.065204335 | AF6: -0.063410424 | AG6: 0.033537935 | AH6: 0.18418944 | AI6: 0.021486836 | AJ6: 0.097590227 | AK6: 0.090440956
A7: 111 | B7: Ba2MgSi2O7 | C7: 2 | D7: -0.84870595 | E7: -0.063302691 | F7: 0.32224626 | G7: 0.067368214 | H7: -0.36676866 | I7: 0.053737864 | J7: -0.19638174 | K7: -0.016901615 | L7: 0.087372173 | M7: 0.092173178 | N7: -0.11087191 | O7: -0.10398108 | P7: 0.23513751 | Q7: 0.27806816 | R7: -0.13705894 | S7: -0.12857864 | T7: 0.13901221 | U7: -0.0051555904 | V7: 0.15808798 | W7: 0.15355296 | X7: -0.11587511 | Y7: 0.048516331 | Z7: 0.17117875 | AA7: -0.10028757 | AB7: -0.012830944 | AC7: -0.15622338 | AD7: 0.017092876 | AE7: -0.02272328 | AF7: 0.026084843 | AG7: 0.012670417 | AH7: -0.10524645 | AI7: -0.080898495 | AJ7: -0.01237143 | AK7: -0.11456748
A8: 142 | B8: Ba2Ca(BO3)2 | C8: 3 | D8: -0.79039708 | E8: 0.4314923 | F8: 0.7895213 | G8: 0.031957656 | H8: -0.29044183 | I8: -0.023138349 | J8: -0.27310383 | K8: -0.13085868 | L8: 0.051546025 | M8: -0.34856446 | N8: -0.23704168 | O8: -0.00036222091 | P8: -0.10609137 | Q8: -0.14011091 | R8: 0.085771644 | S8: -0.20779502 | T8: -0.1264769 | U8: 0.083097834 | V8: -0.3109383 | W8: 0.18499557 | X8: 0.23768868 | Y8: -0.1423239 | Z8: -0.24224746 | AA8: -0.073238338 | AB8: 0.0028325734 | AC8: -0.19194732 | AD8: -0.0024347146 | AE8: -0.012056662 | AF8: -0.10233687 | AG8: 0.010989481 | AH8: -0.051860377 | AI8: 0.053799747 | AJ8: 0.026850258 | AK8: -0.0052120514
A9: 144 | B9: Ba2Mg(PO4)2 | C9: 2 | D9: -0.92228734 | E9: -0.60432351 | F9: -0.025269263 | G9: -0.17042705 | H9: -0.29259659 | I9: 0.16754798 | J9: -0.25449001 | K9: 0.081391939 | L9: 0.29734666 | M9: -0.058457768 | N9: -0.31804168 | O9: -0.065873871 | P9: -0.031035696 | Q9: 0.19004005 | R9: -0.047948341 | S9: 0.15382388 | T9: -0.12462696 | U9: -0.18458587 | V9: 0.10128471 | W9: -0.011938989 | X9: 0.15636334 | Y9: -0.0181395 | Z9: -0.028498656 | AA9: -0.037213034 | AB9: 0.061170484 | AC9: -0.10095269 | AD9: -0.18643415 | AE9: -0.032243152 | AF9: 0.0022840325 | AG9: 0.11415092 | AH9: 0.071962753 | AI9: 0.089292331 | AJ9: -0.037937685 | AK9: -0.090630733
A10: 153 | B10: Ba3Si6(NO6)2 | C10: 2 | D10: -0.95188446 | E10: 0.018587451 | F10: 0.14202002 | G10: 0.5669748 | H10: 0.45128111 | I10: 0.25821129 | J10: 0.0019142974 | K10: -0.12060195 | L10: -0.20958975 | M10: 0.019694069 | N10: -0.26592982 | O10: 0.29285614 | P10: 0.003904738 | Q10: -0.038901431 | R10: -0.11644289 | S10: 0.077517838 | T10: -0.13513049 | U10: 0.076933597 | V10: 0.23617815 | W10: -0.10546767 | X10: 0.23551305 | Y10: 0.28549583 | Z10: 0.22310527 | AA10: -0.035020639 | AB10: -0.18006448 | AC10: -0.0036839189 | AD10: -0.0065223045 | AE10: 0.035692632 | AF10: 0.17664757 | AG10: 0.059002805 | AH10: 0.057186928 | AI10: 0.15842475 | AJ10: -0.17209677 | AK10: -0.061563865
A11: 157 | B11: BaNa(B3O5)3 | C11: 3 | D11: -0.21845831 | E11: 0.61886225 | F11: 0.12648607 | G11: -0.68507808 | H11: 1.1325383 | I11: -0.24659802 | J11: 0.42391626 | K11: -0.14597546 | L11: -0.23207797 | M11: 0.05255319 | N11: 0.10018484 | O11: -0.33108721 | P11: -0.31818126 | Q11: -0.27590191 | R11: -0.57988955 | S11: 0.031911817 | T11: -0.20355242 | U11: -0.071341633 | V11: -0.071363506 | W11: 0.22910767 | X11: -0.0089838163 | Y11: 0.23682872 | Z11: 0.14569246 | AA11: -0.034306039 | AB11: -0.1507547 | AC11: -0.20978876 | AD11: 0.24996519 | AE11: -0.33261983 | AF11: 0.18804882 | AG11: 0.22661116 | AH11: 0.0020278123 | AI11: 0.067085854 | AJ11: 0.089374414 | AK11: -0.028917682
A12: 171 | B12: BaLi2SiO4 | C12: 4 | D12: 0.83890357 | E12: 0.28689455 | F12: 0.20052709 | G12: 0.28335142 | H12: 0.62047164 | I12: 0.33820232 | J12: 0.2100808 | K12: -0.4594344 | L12: 0.58611531 | M12: -0.20409273 | N12: -0.038328468 | O12: -0.17473716 | P12: 0.016018062 | Q12: 0.071467644 | R12: 0.092920675 | S12: 0.0067009449 | T12: 0.11028812 | U12: -0.052411847 | V12: 0.18011871 | W12: 0.060427058 | X12: 0.063062484 | Y12: 0.098886594 | Z12: 0.34964741 | AA12: -0.11310181 | AB12: 0.068055022 | AC12: -0.14148221 | AD12: -0.061376243 | AE12: -0.056084556 | AF12: -0.10939928 | AG12: 0.072171746 | AH12: -0.11829698 | AI12: 0.10494667 | AJ12: 0.029682365 | AK12: 0.025998827
A13: 180 | B13: Ba6Y2Al4O15 | C13: 3 | D13: -0.78958998 | E13: 0.24310967 | F13: 0.69508337 | G13: 0.57715109 | H13: -0.45039481 | I13: -0.0076449092 | J13: -0.22524956 | K13: 0.49570304 | L13: 0.23855141 | M13: 0.077559321 | N13: 0.018204236 | O13: -0.13892469 | P13: 0.2587489 | Q13: -0.2183165 | R13: -0.21272041 | S13: 0.12137987 | T13: 0.13419787 | U13: 0.15384944 | V13: -0.00028257895 | W13: -0.11609024 | X13: -0.0047637341 | Y13: 0.17649548 | Z13: -0.070174874 | AA13: 0.14992491 | AB13: -0.045704435 | AC13: -0.046741357 | AD13: -0.097154033 | AE13: -0.04685303 | AF13: -0.26249518 | AG13: -0.22947451 | AH13: 0.14484932 | AI13: 0.012561897 | AJ13: 0.044393476 | AK13: 0.1466877
... A16: 283 | B16: RbLi7(SiO4)2 | C16: 4 | D16: 1.2938819 | E16: 0.41091753 | F16: 0.097635765 | G16: -0.57480362 | H16: -0.11667905 | I16: 0.095464463 | J16: -0.20741013 | K16: -0.12856861 | L16: 0.66315677 | M16: -0.066138746 | N16: -0.308386 | O16: 0.18034565 | P16: -0.42953231 | Q16: 0.14624168 | R16: 0.080062159 | S16: -0.013463095 | T16: 0.029330238 | U16: -0.18189318 | V16: -0.21770309 | W16: 0.10316299 | X16: 0.12752839 | Y16: 0.50853223 | Z16: 0.11027204 | AA16: -0.29987777 | AB16: 0.020200454 | AC16: 0.23291366 | AD16: -0.17098894 | AE16: -0.1577297 | AF16: -0.08966575 | AG16: -0.0070142591 | AH16: -0.21680135 | AI16: 0.027978289 | AJ16: 0.0073149543 | AK16: 0.043885229

Sheet Raw_Matrix_Sorted
A1: Benchmark | B1: 199 | Cs2BaP2O7 | C1: 111 | Ba2MgSi2O7 | D1: 144 | Ba2Mg(PO4)2 | E1: 153 | Ba3Si6(NO6)2 | F1: 17 | SrAl2O4 | G1: 142 | Ba2Ca(BO3)2 | H1: 157 | BaNa(B3O5)3 | I1: 180 | Ba6Y2Al4O15 | J1: 14 | K2RbNaLi12(SiO4)4 | K1: 15 | Rb2ZrSi2O7 | L1: 16 | Sr2LiSiO4F | M1: 95 | Na3YSi2O7 | N1: 171 | BaLi2SiO4 | O1: 261 | NaCaPO4 | P1: 283 | RbLi7(SiO4)2
A2: 199 | Cs2BaP2O7 | B2: 0 | C2: 2.0473466 | D2: 1.8135548 | E2: 2.3799831 | F2: 2.3733422 | G2: 2.2957752 | H2: 2.6938917 | I2: 2.2945349 | J2: 2.4897888 | K2: 1.7322346 | L2: 1.9587989 | M2: 2.2095736 | N2: 2.055967 | O2: 1.7967568 | P2: 2.1934215
A3: 111 | Ba2MgSi2O7 | B3: 2.0473466 | C3: 0 | D3: 1.0777703 | E3: 1.4373608 | F3: 1.1817564 | G3: 1.3240802 | H3: 2.4017673 | I3: 1.3079706 | J3: 2.7431226 | K3: 1.8849847 | L3: 2.00966 | M3: 2.4269441 | N3: 2.2645892 | O3: 2.0682201 | P3: 2.6687844
A4: 144 | Ba2Mg(PO4)2 | B4: 1.8135548 | C4: 1.0777703 | D4: 0 | E4: 1.5832066 | F4: 1.5432536 | G4: 1.6554883 | H4: 2.6016925 | I4: 1.7462093 | J4: 3.0749705 | K4: 2.2351071 | L4: 2.2086724 | M4: 2.4898082 | N4: 2.4735724 | O4: 1.9959154 | P4: 2.7143326
A5: 153 | Ba3Si6(NO6)2 | B5: 2.3799831 | C5: 1.4373608 | D5: 1.5832066 | E5: 0 | F5: 1.5754975 | G5: 1.7447531 | H5: 2.2182529 | I5: 1.7412785 | J5: 2.8888484 | K5: 2.2638525 | L5: 2.3087663 | M5: 2.2582323 | N5: 2.2407816 | O5: 2.2659678 | P5: 2.9677594
A6: 17 | SrAl2O4 | B6: 2.3733422 | C6: 1.1817564 | D6: 1.5432536 | E6: 1.5754975 | F6: 0 | G6: 1.6094991 | H6: 2.5180347 | I6: 1.4700341 | J6: 2.8570779 | K6: 1.8735013 | L6: 2.1789656 | M6: 2.3423681 | N6: 2.4618412 | O6: 2.0159474 | P6: 2.7616396
A7: 142 | Ba2Ca(BO3)2 | B7: 2.2957752 | C7: 1.3240802 | D7: 1.6554883 | E7: 1.7447531 | F7: 1.6094991 | G7: 0 | H7: 2.3832262 | I7: 1.4424799 | J7: 3.0194529 | K7: 2.1264996 | L7: 2.0385979 | M7: 2.5860042 | N7: 2.380203 | O7: 2.3355058 | P7: 2.6341855
A8: 157 | BaNa(B3O5)3 | B8: 2.6938917 | C8: 2.4017673 | D8: 2.6016925 | E8: 2.2182529 | F8: 2.5180347 | G8: 2.3832262 | H8: 0 | I8: 2.757681 | J8: 2.9767917 | K8: 2.2703054 | L8: 2.444782 | M8: 2.4445253 | N8: 2.2377857 | O8: 2.6072491 | P8: 2.680707
A9: 180 | Ba6Y2Al4O15 | B9: 2.2945349 | C9: 1.3079706 | D9: 1.7462093 | E9: 1.7412785 | F9: 1.4700341 | G9: 1.4424799 | H9: 2.757681 | I9: 0 | J9: 2.9705865 | K9: 1.9790833 | L9: 2.1574446 | M9: 2.4791495 | N9: 2.5298608 | O9: 2.2852007 | P9: 2.930765
A10: 14 | K2RbNaLi12(SiO4)4 | B10: 2.4897888 | C10: 2.7431226 | D10: 3.0749705 | E10: 2.8888484 | F10: 2.8570779 | G10: 3.0194529 | H10: 2.9767917 | I10: 2.9705865 | J10: 0 | K10: 2.4144556 | L10: 2.0162479 | M10: 2.2538765 | N10: 1.7732557 | O10: 2.365725 | P10: 1.9924709
A11: 15 | Rb2ZrSi2O7 | B11: 1.7322346 | C11: 1.8849847 | D11: 2.2351071 | E11: 2.2638525 | F11: 1.8735013 | G11: 2.1264996 | H11: 2.2703054 | I11: 1.9790833 | J11: 2.4144556 | K11: 0 | L11: 1.7588151 | M11: 1.9866746 | N11: 1.9803284 | O11: 1.6684584 | P11: 2.0543944
A12: 16 | Sr2LiSiO4F | B12: 1.9587989 | C12: 2.00966 | D12: 2.2086724 | E12: 2.3087663 | F12: 2.1789656 | G12: 2.0385979 | H12: 2.444782 | I12: 2.1574446 | J12: 2.0162479 | K12: 1.7588151 | L12: 0 | M12: 2.1683956 | N12: 1.7377584 | O12: 1.6174135 | P12: 1.9965888
A13: 95 | Na3YSi2O7 | B13: 2.2095736 | C13: 2.4269441 | D13: 2.4898082 | E13: 2.2582323 | F13: 2.3423681 | G13: 2.5860042 | H13: 2.4445253 | I13: 2.4791495 | J13: 2.2538765 | K13: 1.9866746 | L13: 2.1683956 | M13: 0 | N13: 1.6451339 | O13: 1.7750651 | P13: 2.2406705
... A16: 283 | RbLi7(SiO4)2 | B16: 2.1934215 | C16: 2.6687844 | D16: 2.7143326 | E16: 2.9677594 | F16: 2.7616396 | G16: 2.6341855 | H16: 2.680707 | I16: 2.930765 | J16: 1.9924709 | K16: 2.0543944 | L16: 1.9965888 | M16: 2.2406705 | N16: 1.7086904 | O16: 2.07759 | P16: 0

Sheet Normalized_Matrix_Sorted
A1: Benchmark | B1: 199 | Cs2BaP2O7 | C1: 111 | Ba2MgSi2O7 | D1: 144 | Ba2Mg(PO4)2 | E1: 153 | Ba3Si6(NO6)2 | F1: 17 | SrAl2O4 | G1: 142 | Ba2Ca(BO3)2 | H1: 157 | BaNa(B3O5)3 | I1: 180 | Ba6Y2Al4O15 | J1: 14 | K2RbNaLi12(SiO4)4 | K1: 15 | Rb2ZrSi2O7 | L1: 16 | Sr2LiSiO4F | M1: 95 | Na3YSi2O7 | N1: 171 | BaLi2SiO4 | O1: 261 | NaCaPO4 | P1: 283 | RbLi7(SiO4)2
A2: 199 | Cs2BaP2O7 | B2: 0 | C2: 0.66581014 | D2: 0.58977958 | E2: 0.77398567 | F2: 0.77182601 | G2: 0.74660072 | H2: 0.87607074 | I2: 0.74619738 | J2: 0.80969518 | K2: 0.56333374 | L2: 0.63701387 | M2: 0.71856742 | N2: 0.66861356 | O2: 0.58431676 | P2: 0.71331465
A3: 111 | Ba2MgSi2O7 | B3: 0.66581014 | C3: 0 | D3: 0.35049777 | E3: 0.46743889 | F3: 0.3843147 | G3: 0.43059933 | H3: 0.78107002 | I3: 0.42536038 | J3: 0.89208095 | K3: 0.61300902 | L3: 0.65355423 | M3: 0.7892577 | N3: 0.73645883 | O3: 0.67259835 | P3: 0.86790568
A4: 144 | Ba2Mg(PO4)2 | B4: 0.58977958 | C4: 0.35049777 | D4: 0 | E4: 0.51486889 | F4: 0.5018759 | G4: 0.53837533 | H4: 0.84608699 | I4: 0.56787838 | J4: 1 | K4: 0.72687105 | L4: 0.71827434 | M4: 0.8097015 | N4: 0.8044215 | O4: 0.64908441 | P4: 0.88271826
A5: 153 | Ba3Si6(NO6)2 | B5: 0.77398567 | C5: 0.46743889 | D5: 0.51486889 | E5: 0 | F5: 0.51236182 | G5: 0.56740481 | H5: 0.72138997 | I5: 0.56627485 | J5: 0.9394719 | K5: 0.73621926 | L5: 0.75082551 | M5: 0.73439153 | N5: 0.72871645 | O5: 0.73690716 | P5: 0.96513428
A6: 17 | SrAl2O4 | B6: 0.77182601 | C6: 0.3843147 | D6: 0.5018759 | E6: 0.51236182 | F6: 0 | G6: 0.52341937 | H6: 0.81888093 | I6: 0.47806445 | J6: 0.92913995 | K6: 0.60927455 | L6: 0.70861349 | M6: 0.76175302 | N6: 0.80060644 | O6: 0.65559895 | P6: 0.8981028
A7: 142 | Ba2Ca(BO3)2 | B7: 0.74660072 | C7: 0.43059933 | D7: 0.53837533 | E7: 0.56740481 | F7: 0.52341937 | G7: 0 | H7: 0.77504035 | I7: 0.46910365 | J7: 0.98194531 | K7: 0.69155123 | L7: 0.66296502 | M7: 0.84098504 | N7: 0.77405719 | O7: 0.75952136 | P7: 0.85665392
A8: 157 | BaNa(B3O5)3 | B8: 0.87607074 | C8: 0.78107002 | D8: 0.84608699 | E8: 0.72138997 | F8: 0.81888093 | G8: 0.77504035 | H8: 0 | I8: 0.89681545 | J8: 0.96807162 | K8: 0.73831779 | L8: 0.79505867 | M8: 0.79497522 | N8: 0.72774216 | O8: 0.84789403 | P8: 0.871783
A9: 180 | Ba6Y2Al4O15 | B9: 0.74619738 | C9: 0.42536038 | D9: 0.56787838 | E9: 0.56627485 | F9: 0.47806445 | G9: 0.46910365 | H9: 0.89681545 | I9: 0 | J9: 0.96605367 | K9: 0.6436105 | L9: 0.70161475 | M9: 0.80623523 | N9: 0.82272685 | O9: 0.74316184 | P9: 0.95310347
A10: 14 | K2RbNaLi12(SiO4)4 | B10: 0.80969518 | C10: 0.89208095 | D10: 1 | E10: 0.9394719 | F10: 0.92913995 | G10: 0.98194531 | H10: 0.96807162 | I10: 0.96605367 | J10: 0 | K10: 0.78519636 | L10: 0.65569667 | M10: 0.73297501 | N10: 0.57667407 | O10: 0.76934885 | P10: 0.64796424
A11: 15 | Rb2ZrSi2O7 | B11: 0.56333374 | C11: 0.61300902 | D11: 0.72687105 | E11: 0.73621926 | F11: 0.60927455 | G11: 0.69155123 | H11: 0.73831779 | I11: 0.6436105 | J11: 0.78519636 | K11: 0 | L11: 0.57197788 | M11: 0.64607924 | N11: 0.64401541 | O11: 0.54259331 | P11: 0.66810215
A12: 16 | Sr2LiSiO4F | B12: 0.63701387 | C12: 0.65355423 | D12: 0.71827434 | E12: 0.75082551 | F12: 0.70861349 | G12: 0.66296502 | H12: 0.79505867 | I12: 0.70161475 | J12: 0.65569667 | K12: 0.57197788 | L12: 0 | M12: 0.70517605 | N12: 0.5651301 | O12: 0.52599318 | P12: 0.6493034
A13: 95 | Na3YSi2O7 | B13: 0.71856742 | C13: 0.7892577 | D13: 0.8097015 | E13: 0.73439153 | F13: 0.76175302 | G13: 0.84098504 | H13: 0.79497522 | I13: 0.80623523 | J13: 0.73297501 | K13: 0.64607924 | L13: 0.70517605 | M13: 0 | N13: 0.53500804 | O13: 0.57726249 | P13: 0.72868032
... A16: 283 | RbLi7(SiO4)2 | B16: 0.71331465 | C16: 0.86790568 | D16: 0.88271826 | E16: 0.96513428 | F16: 0.8981028 | G16: 0.85665392 | H16: 0.871783 | I16: 0.95310347 | J16: 0.64796424 | K16: 0.66810215 | L16: 0.6493034 | M16: 0.72868032 | N16: 0.555677 | O16: 0.67564549 | P16: 0

Sheet Summary
A1: Metric | B1: Value
A2: Number_of_benchmarks | B2: 15
A3: Number_of_unique_pairs | B3: 105
A4: Maximum_raw_distance | B4: 3.0749705
A5: Mean_raw_distance_all_pairs | B5: 2.1700156
A6: Median_raw_distance_all_pairs | B6: 2.2182529
A7: Mean_raw_distance_same_cluster | B7: 1.9138584
A8: Median_raw_distance_same_cluster | B8: 1.9423893
A9: Mean_raw_distance_different_cluster | B9: 2.2724785
A10: Median_raw_distance_different_cluster | B10: 2.2703054
A11: Mean_normalized_distance_all_pairs | B11: 0.70570291
A12: Median_normalized_distance_all_pairs | B12: 0.72138997
A13: Mean_normalized_distance_same_cluster | B13: 0.62239894
... A16: Median_normalized_distance_different_cluster | B16: 0.73831779

Sheet Debye_Reference
A1: Composition | B1: Debye_Temperature_K
A2: Ba2Ca(BO3)2 | B2: 396.1
A3: Ba2Mg(PO4)2 | B3: 366.1
A4: Ba2MgSi2O7 | B4: 433.8
A5: Ba3Si6(NO6)2 | B5: 442.4
A6: Ba6Y2Al4O15 | B6: 425
A7: BaLi2SiO4 | B7: 448
A8: BaNa(B3O5)3 | B8: 412.4
A9: Cs2BaP2O7 | B9: 223.3
A10: K2RbNaLi12(SiO4)4 | B10: 637.4
A11: Na3YSi2O7 | B11: 632.7
A12: NaCaPO4 | B12: 497.2
A13: Rb2ZrSi2O7 | B13: 405.1
... A16: SrAl2O4 | B16: 507.2
