Workbook

Sheet Distance_Matrix
A1: Benchmark | B1: 14 | K2RbNaLi12(SiO4)4 | C1: 15 | Rb2ZrSi2O7 | D1: 16 | Sr2LiSiO4F | E1: 17 | SrAl2O4 | F1: 95 | Na3YSi2O7 | G1: 111 | Ba2MgSi2O7 | H1: 142 | Ba2Ca(BO3)2 | I1: 144 | Ba2Mg(PO4)2 | J1: 153 | Ba3Si6(NO6)2 | K1: 157 | BaNa(B3O5)3 | L1: 171 | BaLi2SiO4 | M1: 180 | Ba6Y2Al4O15 | N1: 199 | Cs2BaP2O7 | O1: 261 | NaCaPO4 | P1: 283 | RbLi7(SiO4)2
A2: 14 | K2RbNaLi12(SiO4)4 | B2: 0 | C2: 2.1115316 | D2: 1.8248501 | E2: 2.6696519 | F2: 1.9611837 | G2: 2.5926501 | H2: 2.8306438 | I2: 2.901497 | J2: 2.7323977 | K2: 2.7968538 | L2: 1.390545 | M2: 2.7935789 | N2: 2.2291643 | O2: 2.111068 | P2: 1.713276
A3: 15 | Rb2ZrSi2O7 | B3: 2.1115316 | C3: 0 | D3: 1.40611 | E3: 1.6626158 | F3: 1.6368577 | G3: 1.6790364 | H3: 1.7529095 | I3: 1.9774013 | J3: 2.0947211 | K3: 2.0639359 | L3: 1.7783083 | M3: 1.724775 | N3: 1.4083247 | O3: 1.3474929 | P3: 1.7292711
A4: 16 | Sr2LiSiO4F | B4: 1.8248501 | C4: 1.40611 | D4: 0 | E4: 2.0379957 | F4: 1.9984143 | G4: 1.8745273 | H4: 1.9411827 | I4: 2.1448695 | J4: 2.2091882 | K4: 2.2480829 | L4: 1.5447955 | M4: 2.0700763 | N4: 1.8607549 | O4: 1.4978256 | P4: 1.7388097
A5: 17 | SrAl2O4 | B5: 2.6696519 | C5: 1.6626158 | D5: 2.0379957 | E5: 0 | F5: 2.1489737 | G5: 0.98782889 | H5: 1.3580128 | I5: 1.3474953 | J5: 1.3572659 | K5: 2.3616586 | L5: 2.3707781 | M5: 1.3361237 | N5: 2.2314116 | O5: 1.8440226 | P5: 2.5837224
A6: 95 | Na3YSi2O7 | B6: 1.9611837 | C6: 1.6368577 | D6: 1.9984143 | E6: 2.1489737 | F6: 0 | G6: 2.2962079 | H6: 2.5446114 | I6: 2.4158842 | J6: 2.0870965 | K6: 2.2848798 | L6: 1.448392 | M6: 2.337932 | N6: 2.1479755 | O6: 1.6305296 | P6: 2.0286571
A7: 111 | Ba2MgSi2O7 | B7: 2.5926501 | C7: 1.6790364 | D7: 1.8745273 | E7: 0.98782889 | F7: 2.2962079 | G7: 0 | H7: 1.1688102 | I7: 0.94302211 | J7: 1.2729188 | K7: 2.3271509 | L7: 2.2273208 | M7: 1.0849534 | N7: 1.9324601 | O7: 1.93673 | P7: 2.5565144
A8: 142 | Ba2Ca(BO3)2 | B8: 2.8306438 | C8: 1.7529095 | D8: 1.9411827 | E8: 1.3580128 | F8: 2.5446114 | G8: 1.1688102 | H8: 0 | I8: 1.5928641 | J8: 1.530302 | K8: 2.2343818 | L8: 2.277109 | M8: 1.25275 | N8: 2.2472247 | O8: 2.2561275 | P8: 2.4615571
A9: 144 | Ba2Mg(PO4)2 | B9: 2.901497 | C9: 1.9774013 | D9: 2.1448695 | E9: 1.3474953 | F9: 2.4158842 | G9: 0.94302211 | H9: 1.5928641 | I9: 0 | J9: 1.474484 | K9: 2.4855615 | L9: 2.419797 | M9: 1.6287316 | N9: 1.7763514 | O9: 1.9422892 | P9: 2.5939035
A10: 153 | Ba3Si6(NO6)2 | B10: 2.7323977 | C10: 2.0947211 | D10: 2.2091882 | E10: 1.3572659 | F10: 2.0870965 | G10: 1.2729188 | H10: 1.530302 | I10: 1.474484 | J10: 0 | K10: 2.094456 | L10: 2.1565929 | M10: 1.553032 | N10: 2.2535202 | O10: 2.1479608 | P10: 2.872031
A11: 157 | BaNa(B3O5)3 | B11: 2.7968538 | C11: 2.0639359 | D11: 2.2480829 | E11: 2.3616586 | F11: 2.2848798 | G11: 2.3271509 | H11: 2.2343818 | I11: 2.4855615 | J11: 2.094456 | K11: 0 | L11: 2.1322384 | M11: 2.5873608 | N11: 2.5215936 | O11: 2.4656378 | P11: 2.5258525
A12: 171 | BaLi2SiO4 | B12: 1.390545 | C12: 1.7783083 | D12: 1.5447955 | E12: 2.3707781 | F12: 1.448392 | G12: 2.2273208 | H12: 2.277109 | I12: 2.419797 | J12: 2.1565929 | K12: 2.1322384 | L12: 0 | M12: 2.425429 | N12: 1.9465986 | O12: 1.7933677 | P12: 1.570264
A13: 180 | Ba6Y2Al4O15 | B13: 2.7935789 | C13: 1.724775 | D13: 2.0700763 | E13: 1.3361237 | F13: 2.337932 | G13: 1.0849534 | H13: 1.25275 | I13: 1.6287316 | J13: 1.553032 | K13: 2.5873608 | L13: 2.425429 | M13: 0 | N13: 2.2131444 | O13: 2.2265162 | P13: 2.802865
... A16: 283 | RbLi7(SiO4)2 | B16: 1.713276 | C16: 1.7292711 | D16: 1.7388097 | E16: 2.5837224 | F16: 2.0286571 | G16: 2.5565144 | H16: 2.4615571 | I16: 2.5939035 | J16: 2.872031 | K16: 2.5258525 | L16: 1.570264 | M16: 2.802865 | N16: 1.9750963 | O16: 1.8913337 | P16: 0

Sheet Normalized_Distance_Matrix
A1: Benchmark | B1: 14 | K2RbNaLi12(SiO4)4 | C1: 15 | Rb2ZrSi2O7 | D1: 16 | Sr2LiSiO4F | E1: 17 | SrAl2O4 | F1: 95 | Na3YSi2O7 | G1: 111 | Ba2MgSi2O7 | H1: 142 | Ba2Ca(BO3)2 | I1: 144 | Ba2Mg(PO4)2 | J1: 153 | Ba3Si6(NO6)2 | K1: 157 | BaNa(B3O5)3 | L1: 171 | BaLi2SiO4 | M1: 180 | Ba6Y2Al4O15 | N1: 199 | Cs2BaP2O7 | O1: 261 | NaCaPO4 | P1: 283 | RbLi7(SiO4)2
A2: 14 | K2RbNaLi12(SiO4)4 | B2: 0 | C2: 0.72773871 | D2: 0.62893401 | E2: 0.92009467 | F2: 0.67592134 | G2: 0.89355603 | H2: 0.97558047 | I2: 1 | J2: 0.94171999 | K2: 0.96393475 | L2: 0.4792509 | M2: 0.96280609 | N2: 0.76828076 | O2: 0.72757889 | P2: 0.59048004
A3: 15 | Rb2ZrSi2O7 | B3: 0.72773871 | C3: 0 | D3: 0.48461536 | E3: 0.57302001 | F3: 0.56414248 | G3: 0.57867937 | H3: 0.6041397 | I3: 0.68151072 | J3: 0.72194496 | K3: 0.71133484 | L3: 0.61289339 | M3: 0.59444317 | N3: 0.48537864 | O3: 0.46441301 | P3: 0.59599272
A4: 16 | Sr2LiSiO4F | B4: 0.62893401 | C4: 0.48461536 | D4: 0 | E4: 0.70239456 | F4: 0.68875283 | G4: 0.64605523 | H4: 0.66902798 | I4: 0.73922858 | J4: 0.76139602 | K4: 0.77480104 | L4: 0.53241329 | M4: 0.71345114 | N4: 0.64130858 | O4: 0.5162251 | P4: 0.59928022
A5: 17 | SrAl2O4 | B5: 0.92009467 | C5: 0.57302001 | D5: 0.70239456 | E5: 0 | F5: 0.74064311 | G5: 0.34045491 | H5: 0.46803868 | I5: 0.46441382 | J5: 0.46778127 | K5: 0.81394488 | L5: 0.81708792 | M5: 0.46049459 | N5: 0.7690553 | O5: 0.6355418 | P5: 0.89047909
A6: 95 | Na3YSi2O7 | B6: 0.67592134 | C6: 0.56414248 | D6: 0.68875283 | E6: 0.74064311 | F6: 0 | G6: 0.79138732 | H6: 0.8769995 | I6: 0.83263371 | J6: 0.71931715 | K6: 0.78748309 | L6: 0.49918785 | M6: 0.8057675 | N6: 0.74029908 | O6: 0.56196152 | P6: 0.69917603
A7: 111 | Ba2MgSi2O7 | B7: 0.89355603 | C7: 0.57867937 | D7: 0.64605523 | E7: 0.34045491 | F7: 0.79138732 | G7: 0 | H7: 0.40283007 | I7: 0.32501227 | J7: 0.43871106 | K7: 0.80205181 | L7: 0.76764539 | M7: 0.37392886 | N7: 0.66602175 | O7: 0.66749336 | P7: 0.88110186
A8: 142 | Ba2Ca(BO3)2 | B8: 0.97558047 | C8: 0.6041397 | D8: 0.66902798 | E8: 0.46803868 | F8: 0.8769995 | G8: 0.40283007 | H8: 0 | I8: 0.54898011 | J8: 0.5274181 | K8: 0.77007898 | L8: 0.78480488 | M8: 0.43175988 | N8: 0.77450528 | O8: 0.77757362 | P8: 0.84837488
A9: 144 | Ba2Mg(PO4)2 | B9: 1 | C9: 0.68151072 | D9: 0.73922858 | E9: 0.46441382 | F9: 0.83263371 | G9: 0.32501227 | H9: 0.54898011 | I9: 0 | J9: 0.50818044 | K9: 0.85664799 | L9: 0.83398228 | M9: 0.56134183 | N9: 0.61221893 | O9: 0.66940936 | P9: 0.89398802
A10: 153 | Ba3Si6(NO6)2 | B10: 0.94171999 | C10: 0.72194496 | D10: 0.76139602 | E10: 0.46778127 | F10: 0.71931715 | G10: 0.43871106 | H10: 0.5274181 | I10: 0.50818044 | J10: 0 | K10: 0.72185357 | L10: 0.74326904 | M10: 0.53525198 | N10: 0.776675 | O10: 0.740294 | P10: 0.98984455
A11: 157 | BaNa(B3O5)3 | B11: 0.96393475 | C11: 0.71133484 | D11: 0.77480104 | E11: 0.81394488 | F11: 0.78748309 | G11: 0.80205181 | H11: 0.77007898 | I11: 0.85664799 | J11: 0.72185357 | K11: 0 | L11: 0.73487527 | M11: 0.89173306 | N11: 0.86906644 | O11: 0.84978127 | P11: 0.87053425
A12: 171 | BaLi2SiO4 | B12: 0.4792509 | C12: 0.61289339 | D12: 0.53241329 | E12: 0.81708792 | F12: 0.49918785 | G12: 0.76764539 | H12: 0.78480488 | I12: 0.83398228 | J12: 0.74326904 | K12: 0.73487527 | L12: 0 | M12: 0.83592332 | N12: 0.6708946 | O12: 0.61808361 | P12: 0.54119097
A13: 180 | Ba6Y2Al4O15 | B13: 0.96280609 | C13: 0.59444317 | D13: 0.71345114 | E13: 0.46049459 | F13: 0.8057675 | G13: 0.37392886 | H13: 0.43175988 | I13: 0.56134183 | J13: 0.53525198 | K13: 0.89173306 | L13: 0.83592332 | M13: 0 | N13: 0.76275952 | O13: 0.76736809 | P13: 0.96600654
... A16: 283 | RbLi7(SiO4)2 | B16: 0.59048004 | C16: 0.59599272 | D16: 0.59928022 | E16: 0.89047909 | F16: 0.69917603 | G16: 0.88110186 | H16: 0.84837488 | I16: 0.89398802 | J16: 0.98984455 | K16: 0.87053425 | L16: 0.54119097 | M16: 0.96600654 | N16: 0.68071629 | O16: 0.65184755 | P16: 0

Sheet Pairwise_105
A1: Pair_Rank_From_Nearest | B1: Benchmark_A_Number | C1: Benchmark_A_Composition | D1: Cluster_A | E1: Benchmark_B_Number | F1: Benchmark_B_Composition | G1: Cluster_B | H1: Same_Cluster | I1: Euclidean_Distance | J1: Normalized_Euclidean_Distance | K1: FWHM_Difference_nm
A2: 1 | B2: 111 | C2: Ba2MgSi2O7 | D2: 0 | E2: 144 | F2: Ba2Mg(PO4)2 | G2: 0 | H2: TRUE | I2: 0.94302211 | J2: 0.32501227 | K2: =ABS(VLOOKUP(C2,Benchmark_Properties!$A$2:$B$16,2,FALSE)-VLOOKUP(F2,Benchmark_Properties!$A$2:$B$16,2,FALSE)) -> 45
A3: 2 | B3: 17 | C3: SrAl2O4 | D3: 0 | E3: 111 | F3: Ba2MgSi2O7 | G3: 0 | H3: TRUE | I3: 0.98782889 | J3: 0.34045491 | K3: =ABS(VLOOKUP(C3,Benchmark_Properties!$A$2:$B$16,2,FALSE)-VLOOKUP(F3,Benchmark_Properties!$A$2:$B$16,2,FALSE)) -> 2
A4: 3 | B4: 111 | C4: Ba2MgSi2O7 | D4: 0 | E4: 180 | F4: Ba6Y2Al4O15 | G4: 0 | H4: TRUE | I4: 1.0849534 | J4: 0.37392886 | K4: =ABS(VLOOKUP(C4,Benchmark_Properties!$A$2:$B$16,2,FALSE)-VLOOKUP(F4,Benchmark_Properties!$A$2:$B$16,2,FALSE)) -> 6
A5: 4 | B5: 111 | C5: Ba2MgSi2O7 | D5: 0 | E5: 142 | F5: Ba2Ca(BO3)2 | G5: 0 | H5: TRUE | I5: 1.1688102 | J5: 0.40283007 | K5: =ABS(VLOOKUP(C5,Benchmark_Properties!$A$2:$B$16,2,FALSE)-VLOOKUP(F5,Benchmark_Properties!$A$2:$B$16,2,FALSE)) -> 0
A6: 5 | B6: 142 | C6: Ba2Ca(BO3)2 | D6: 0 | E6: 180 | F6: Ba6Y2Al4O15 | G6: 0 | H6: TRUE | I6: 1.25275 | J6: 0.43175988 | K6: =ABS(VLOOKUP(C6,Benchmark_Properties!$A$2:$B$16,2,FALSE)-VLOOKUP(F6,Benchmark_Properties!$A$2:$B$16,2,FALSE)) -> 6
A7: 6 | B7: 111 | C7: Ba2MgSi2O7 | D7: 0 | E7: 153 | F7: Ba3Si6(NO6)2 | G7: 0 | H7: TRUE | I7: 1.2729188 | J7: 0.43871106 | K7: =ABS(VLOOKUP(C7,Benchmark_Properties!$A$2:$B$16,2,FALSE)-VLOOKUP(F7,Benchmark_Properties!$A$2:$B$16,2,FALSE)) -> 7
A8: 7 | B8: 17 | C8: SrAl2O4 | D8: 0 | E8: 180 | F8: Ba6Y2Al4O15 | G8: 0 | H8: TRUE | I8: 1.3361237 | J8: 0.46049459 | K8: =ABS(VLOOKUP(C8,Benchmark_Properties!$A$2:$B$16,2,FALSE)-VLOOKUP(F8,Benchmark_Properties!$A$2:$B$16,2,FALSE)) -> 8
A9: 8 | B9: 15 | C9: Rb2ZrSi2O7 | D9: 1 | E9: 261 | F9: NaCaPO4 | G9: 1 | H9: TRUE | I9: 1.3474929 | J9: 0.46441301 | K9: =ABS(VLOOKUP(C9,Benchmark_Properties!$A$2:$B$16,2,FALSE)-VLOOKUP(F9,Benchmark_Properties!$A$2:$B$16,2,FALSE)) -> 26
A10: 9 | B10: 17 | C10: SrAl2O4 | D10: 0 | E10: 144 | F10: Ba2Mg(PO4)2 | G10: 0 | H10: TRUE | I10: 1.3474953 | J10: 0.46441382 | K10: =ABS(VLOOKUP(C10,Benchmark_Properties!$A$2:$B$16,2,FALSE)-VLOOKUP(F10,Benchmark_Properties!$A$2:$B$16,2,FALSE)) -> 43
A11: 10 | B11: 17 | C11: SrAl2O4 | D11: 0 | E11: 153 | F11: Ba3Si6(NO6)2 | G11: 0 | H11: TRUE | I11: 1.3572659 | J11: 0.46778127 | K11: =ABS(VLOOKUP(C11,Benchmark_Properties!$A$2:$B$16,2,FALSE)-VLOOKUP(F11,Benchmark_Properties!$A$2:$B$16,2,FALSE)) -> 9
A12: 11 | B12: 17 | C12: SrAl2O4 | D12: 0 | E12: 142 | F12: Ba2Ca(BO3)2 | G12: 0 | H12: TRUE | I12: 1.3580128 | J12: 0.46803868 | K12: =ABS(VLOOKUP(C12,Benchmark_Properties!$A$2:$B$16,2,FALSE)-VLOOKUP(F12,Benchmark_Properties!$A$2:$B$16,2,FALSE)) -> 2
A13: 12 | B13: 14 | C13: K2RbNaLi12(SiO4)4 | D13: 2 | E13: 171 | F13: BaLi2SiO4 | G13: 2 | H13: TRUE | I13: 1.390545 | J13: 0.4792509 | K13: =ABS(VLOOKUP(C13,Benchmark_Properties!$A$2:$B$16,2,FALSE)-VLOOKUP(F13,Benchmark_Properties!$A$2:$B$16,2,FALSE)) -> 10
... A106: 105 | B106: 14 | C106: K2RbNaLi12(SiO4)4 | D106: 2 | E106: 144 | F106: Ba2Mg(PO4)2 | G106: 0 | H106: FALSE | I106: 2.901497 | J106: 1 | K106: =ABS(VLOOKUP(C106,Benchmark_Properties!$A$2:$B$16,2,FALSE)-VLOOKUP(F106,Benchmark_Properties!$A$2:$B$16,2,FALSE)) -> 69

Sheet Benchmark_PCA_Cluster
A1: Number | B1: Composition | C1: Cluster | D1: PC1 | E1: PC2 | F1: PC3 | G1: PC4 | H1: PC5 | I1: PC6 | J1: PC7 | K1: PC8 | L1: PC9 | M1: PC10 | N1: PC11 | O1: PC12 | P1: PC13 | Q1: PC14 | R1: PC15 | S1: PC16 | T1: PC17 | U1: PC18 | V1: PC19
A2: 14 | B2: K2RbNaLi12(SiO4)4 | C2: 2 | D2: 1.3659111 | E2: 0.43771177 | F2: 0.13761656 | G2: 0.2780811 | H2: 0.3226356 | I2: 0.22280764 | J2: -0.18475044 | K2: -0.3358046 | L2: 0.36845044 | M2: 0.19599287 | N2: -0.095346953 | O2: 0.31859367 | P2: 0.62797228 | Q2: 0.29009355 | R2: -0.14170863 | S2: -0.045718276 | T2: 0.50164363 | U2: -0.57065707 | V2: 0.18752734
A3: 15 | B3: Rb2ZrSi2O7 | C3: 1 | D3: 0.47808943 | E3: 0.12311576 | F3: 0.45106053 | G3: -0.2319014 | H3: -0.12077767 | I3: -0.14532088 | J3: 0.063929401 | K3: 0.57836429 | L3: -0.10764046 | M3: 0.063187992 | N3: 0.076794794 | O3: -0.16064811 | P3: 0.086968085 | Q3: 0.082123947 | R3: 0.10819317 | S3: -0.026566217 | T3: -0.0012581761 | U3: 0.2798658 | V3: -0.13604527
A4: 16 | B4: Sr2LiSiO4F | C4: 1 | D4: 0.65732797 | E4: 0.13115315 | F4: 0.28106473 | G4: 0.064950759 | H4: -0.065267835 | I4: -0.30315876 | J4: -0.47657815 | K4: -0.22619881 | L4: -0.13854937 | M4: -0.52378029 | N4: 0.18201217 | O4: -0.30796879 | P4: -0.068519592 | Q4: 0.11959565 | R4: -0.11813612 | S4: 0.24384065 | T4: 0.36220714 | U4: -0.040611624 | V4: 0.17615778
A5: 17 | B5: SrAl2O4 | C5: 0 | D5: -0.72199584 | E5: 0.32833113 | F5: 0.044008413 | G5: 0.13557236 | H5: -0.44215698 | I5: -0.029397561 | J5: -0.16392706 | K5: 0.082727478 | L5: -0.23939362 | M5: 0.25446963 | N5: -0.21455336 | O5: 0.02074231 | P5: 0.36455101 | Q5: 0.21892661 | R5: 0.1724521 | S5: 0.2421229 | T5: -0.37680289 | U5: 0.037533278 | V5: 0.016809902
A6: 95 | B6: Na3YSi2O7 | C6: 2 | D6: 0.63271295 | E6: 0.31064368 | F6: -0.23132744 | G6: 0.48814606 | H6: 0.65104965 | I6: -0.043494148 | J6: 0.26093637 | K6: 0.5279823 | L6: 0.45219918 | M6: 0.22429007 | N6: 0.13423549 | O6: 0.1419282 | P6: -0.06749921 | Q6: 0.27629479 | R6: 0.27524446 | S6: 0.16848198 | T6: -0.29513466 | U6: 0.1363987 | V6: 0.42962716
A7: 111 | B7: Ba2MgSi2O7 | C7: 0 | D7: -0.84870595 | E7: -0.063302691 | F7: 0.32224626 | G7: 0.067368214 | H7: -0.36676866 | I7: 0.053737864 | J7: -0.19638174 | K7: -0.016901615 | L7: 0.087372173 | M7: 0.092173178 | N7: -0.11087191 | O7: -0.10398108 | P7: 0.23513751 | Q7: 0.27806816 | R7: -0.13705894 | S7: -0.12857864 | T7: 0.13901221 | U7: -0.0051555904 | V7: 0.15808798
A8: 142 | B8: Ba2Ca(BO3)2 | C8: 0 | D8: -0.79039708 | E8: 0.4314923 | F8: 0.7895213 | G8: 0.031957656 | H8: -0.29044183 | I8: -0.023138349 | J8: -0.27310383 | K8: -0.13085868 | L8: 0.051546025 | M8: -0.34856446 | N8: -0.23704168 | O8: -0.00036222091 | P8: -0.10609137 | Q8: -0.14011091 | R8: 0.085771644 | S8: -0.20779502 | T8: -0.1264769 | U8: 0.083097834 | V8: -0.3109383
A9: 144 | B9: Ba2Mg(PO4)2 | C9: 0 | D9: -0.92228734 | E9: -0.60432351 | F9: -0.025269263 | G9: -0.17042705 | H9: -0.29259659 | I9: 0.16754798 | J9: -0.25449001 | K9: 0.081391939 | L9: 0.29734666 | M9: -0.058457768 | N9: -0.31804168 | O9: -0.065873871 | P9: -0.031035696 | Q9: 0.19004005 | R9: -0.047948341 | S9: 0.15382388 | T9: -0.12462696 | U9: -0.18458587 | V9: 0.10128471
A10: 153 | B10: Ba3Si6(NO6)2 | C10: 0 | D10: -0.95188446 | E10: 0.018587451 | F10: 0.14202002 | G10: 0.5669748 | H10: 0.45128111 | I10: 0.25821129 | J10: 0.0019142974 | K10: -0.12060195 | L10: -0.20958975 | M10: 0.019694069 | N10: -0.26592982 | O10: 0.29285614 | P10: 0.003904738 | Q10: -0.038901431 | R10: -0.11644289 | S10: 0.077517838 | T10: -0.13513049 | U10: 0.076933597 | V10: 0.23617815
A11: 157 | B11: BaNa(B3O5)3 | C11: 1 | D11: -0.21845831 | E11: 0.61886225 | F11: 0.12648607 | G11: -0.68507808 | H11: 1.1325383 | I11: -0.24659802 | J11: 0.42391626 | K11: -0.14597546 | L11: -0.23207797 | M11: 0.05255319 | N11: 0.10018484 | O11: -0.33108721 | P11: -0.31818126 | Q11: -0.27590191 | R11: -0.57988955 | S11: 0.031911817 | T11: -0.20355242 | U11: -0.071341633 | V11: -0.071363506
A12: 171 | B12: BaLi2SiO4 | C12: 2 | D12: 0.83890357 | E12: 0.28689455 | F12: 0.20052709 | G12: 0.28335142 | H12: 0.62047164 | I12: 0.33820232 | J12: 0.2100808 | K12: -0.4594344 | L12: 0.58611531 | M12: -0.20409273 | N12: -0.038328468 | O12: -0.17473716 | P12: 0.016018062 | Q12: 0.071467644 | R12: 0.092920675 | S12: 0.0067009449 | T12: 0.11028812 | U12: -0.052411847 | V12: 0.18011871
A13: 180 | B13: Ba6Y2Al4O15 | C13: 0 | D13: -0.78958998 | E13: 0.24310967 | F13: 0.69508337 | G13: 0.57715109 | H13: -0.45039481 | I13: -0.0076449092 | J13: -0.22524956 | K13: 0.49570304 | L13: 0.23855141 | M13: 0.077559321 | N13: 0.018204236 | O13: -0.13892469 | P13: 0.2587489 | Q13: -0.2183165 | R13: -0.21272041 | S13: 0.12137987 | T13: 0.13419787 | U13: 0.15384944 | V13: -0.00028257895
... A16: 283 | B16: RbLi7(SiO4)2 | C16: 2 | D16: 1.2938819 | E16: 0.41091753 | F16: 0.097635765 | G16: -0.57480362 | H16: -0.11667905 | I16: 0.095464463 | J16: -0.20741013 | K16: -0.12856861 | L16: 0.66315677 | M16: -0.066138746 | N16: -0.308386 | O16: 0.18034565 | P16: -0.42953231 | Q16: 0.14624168 | R16: 0.080062159 | S16: -0.013463095 | T16: 0.029330238 | U16: -0.18189318 | V16: -0.21770309

Sheet Raw_Matrix_Sorted
A1: Benchmark | B1: 17 | SrAl2O4 | C1: 111 | Ba2MgSi2O7 | D1: 142 | Ba2Ca(BO3)2 | E1: 144 | Ba2Mg(PO4)2 | F1: 153 | Ba3Si6(NO6)2 | G1: 180 | Ba6Y2Al4O15 | H1: 15 | Rb2ZrSi2O7 | I1: 16 | Sr2LiSiO4F | J1: 157 | BaNa(B3O5)3 | K1: 199 | Cs2BaP2O7 | L1: 261 | NaCaPO4 | M1: 14 | K2RbNaLi12(SiO4)4 | N1: 95 | Na3YSi2O7 | O1: 171 | BaLi2SiO4 | P1: 283 | RbLi7(SiO4)2
A2: 17 | SrAl2O4 | B2: 0 | C2: 0.98782889 | D2: 1.3580128 | E2: 1.3474953 | F2: 1.3572659 | G2: 1.3361237 | H2: 1.6626158 | I2: 2.0379957 | J2: 2.3616586 | K2: 2.2314116 | L2: 1.8440226 | M2: 2.6696519 | N2: 2.1489737 | O2: 2.3707781 | P2: 2.5837224
A3: 111 | Ba2MgSi2O7 | B3: 0.98782889 | C3: 0 | D3: 1.1688102 | E3: 0.94302211 | F3: 1.2729188 | G3: 1.0849534 | H3: 1.6790364 | I3: 1.8745273 | J3: 2.3271509 | K3: 1.9324601 | L3: 1.93673 | M3: 2.5926501 | N3: 2.2962079 | O3: 2.2273208 | P3: 2.5565144
A4: 142 | Ba2Ca(BO3)2 | B4: 1.3580128 | C4: 1.1688102 | D4: 0 | E4: 1.5928641 | F4: 1.530302 | G4: 1.25275 | H4: 1.7529095 | I4: 1.9411827 | J4: 2.2343818 | K4: 2.2472247 | L4: 2.2561275 | M4: 2.8306438 | N4: 2.5446114 | O4: 2.277109 | P4: 2.4615571
A5: 144 | Ba2Mg(PO4)2 | B5: 1.3474953 | C5: 0.94302211 | D5: 1.5928641 | E5: 0 | F5: 1.474484 | G5: 1.6287316 | H5: 1.9774013 | I5: 2.1448695 | J5: 2.4855615 | K5: 1.7763514 | L5: 1.9422892 | M5: 2.901497 | N5: 2.4158842 | O5: 2.419797 | P5: 2.5939035
A6: 153 | Ba3Si6(NO6)2 | B6: 1.3572659 | C6: 1.2729188 | D6: 1.530302 | E6: 1.474484 | F6: 0 | G6: 1.553032 | H6: 2.0947211 | I6: 2.2091882 | J6: 2.094456 | K6: 2.2535202 | L6: 2.1479608 | M6: 2.7323977 | N6: 2.0870965 | O6: 2.1565929 | P6: 2.872031
A7: 180 | Ba6Y2Al4O15 | B7: 1.3361237 | C7: 1.0849534 | D7: 1.25275 | E7: 1.6287316 | F7: 1.553032 | G7: 0 | H7: 1.724775 | I7: 2.0700763 | J7: 2.5873608 | K7: 2.2131444 | L7: 2.2265162 | M7: 2.7935789 | N7: 2.337932 | O7: 2.425429 | P7: 2.802865
A8: 15 | Rb2ZrSi2O7 | B8: 1.6626158 | C8: 1.6790364 | D8: 1.7529095 | E8: 1.9774013 | F8: 2.0947211 | G8: 1.724775 | H8: 0 | I8: 1.40611 | J8: 2.0639359 | K8: 1.4083247 | L8: 1.3474929 | M8: 2.1115316 | N8: 1.6368577 | O8: 1.7783083 | P8: 1.7292711
A9: 16 | Sr2LiSiO4F | B9: 2.0379957 | C9: 1.8745273 | D9: 1.9411827 | E9: 2.1448695 | F9: 2.2091882 | G9: 2.0700763 | H9: 1.40611 | I9: 0 | J9: 2.2480829 | K9: 1.8607549 | L9: 1.4978256 | M9: 1.8248501 | N9: 1.9984143 | O9: 1.5447955 | P9: 1.7388097
A10: 157 | BaNa(B3O5)3 | B10: 2.3616586 | C10: 2.3271509 | D10: 2.2343818 | E10: 2.4855615 | F10: 2.094456 | G10: 2.5873608 | H10: 2.0639359 | I10: 2.2480829 | J10: 0 | K10: 2.5215936 | L10: 2.4656378 | M10: 2.7968538 | N10: 2.2848798 | O10: 2.1322384 | P10: 2.5258525
A11: 199 | Cs2BaP2O7 | B11: 2.2314116 | C11: 1.9324601 | D11: 2.2472247 | E11: 1.7763514 | F11: 2.2535202 | G11: 2.2131444 | H11: 1.4083247 | I11: 1.8607549 | J11: 2.5215936 | K11: 0 | L11: 1.7388641 | M11: 2.2291643 | N11: 2.1479755 | O11: 1.9465986 | P11: 1.9750963
A12: 261 | NaCaPO4 | B12: 1.8440226 | C12: 1.93673 | D12: 2.2561275 | E12: 1.9422892 | F12: 2.1479608 | G12: 2.2265162 | H12: 1.3474929 | I12: 1.4978256 | J12: 2.4656378 | K12: 1.7388641 | L12: 0 | M12: 2.111068 | N12: 1.6305296 | O12: 1.7933677 | P12: 1.8913337
A13: 14 | K2RbNaLi12(SiO4)4 | B13: 2.6696519 | C13: 2.5926501 | D13: 2.8306438 | E13: 2.901497 | F13: 2.7323977 | G13: 2.7935789 | H13: 2.1115316 | I13: 1.8248501 | J13: 2.7968538 | K13: 2.2291643 | L13: 2.111068 | M13: 0 | N13: 1.9611837 | O13: 1.390545 | P13: 1.713276
... A16: 283 | RbLi7(SiO4)2 | B16: 2.5837224 | C16: 2.5565144 | D16: 2.4615571 | E16: 2.5939035 | F16: 2.872031 | G16: 2.802865 | H16: 1.7292711 | I16: 1.7388097 | J16: 2.5258525 | K16: 1.9750963 | L16: 1.8913337 | M16: 1.713276 | N16: 2.0286571 | O16: 1.570264 | P16: 0

Sheet Normalized_Matrix_Sorted
A1: Benchmark | B1: 17 | SrAl2O4 | C1: 111 | Ba2MgSi2O7 | D1: 142 | Ba2Ca(BO3)2 | E1: 144 | Ba2Mg(PO4)2 | F1: 153 | Ba3Si6(NO6)2 | G1: 180 | Ba6Y2Al4O15 | H1: 15 | Rb2ZrSi2O7 | I1: 16 | Sr2LiSiO4F | J1: 157 | BaNa(B3O5)3 | K1: 199 | Cs2BaP2O7 | L1: 261 | NaCaPO4 | M1: 14 | K2RbNaLi12(SiO4)4 | N1: 95 | Na3YSi2O7 | O1: 171 | BaLi2SiO4 | P1: 283 | RbLi7(SiO4)2
A2: 17 | SrAl2O4 | B2: 0 | C2: 0.34045491 | D2: 0.46803868 | E2: 0.46441382 | F2: 0.46778127 | G2: 0.46049459 | H2: 0.57302001 | I2: 0.70239456 | J2: 0.81394488 | K2: 0.7690553 | L2: 0.6355418 | M2: 0.92009467 | N2: 0.74064311 | O2: 0.81708792 | P2: 0.89047909
A3: 111 | Ba2MgSi2O7 | B3: 0.34045491 | C3: 0 | D3: 0.40283007 | E3: 0.32501227 | F3: 0.43871106 | G3: 0.37392886 | H3: 0.57867937 | I3: 0.64605523 | J3: 0.80205181 | K3: 0.66602175 | L3: 0.66749336 | M3: 0.89355603 | N3: 0.79138732 | O3: 0.76764539 | P3: 0.88110186
A4: 142 | Ba2Ca(BO3)2 | B4: 0.46803868 | C4: 0.40283007 | D4: 0 | E4: 0.54898011 | F4: 0.5274181 | G4: 0.43175988 | H4: 0.6041397 | I4: 0.66902798 | J4: 0.77007898 | K4: 0.77450528 | L4: 0.77757362 | M4: 0.97558047 | N4: 0.8769995 | O4: 0.78480488 | P4: 0.84837488
A5: 144 | Ba2Mg(PO4)2 | B5: 0.46441382 | C5: 0.32501227 | D5: 0.54898011 | E5: 0 | F5: 0.50818044 | G5: 0.56134183 | H5: 0.68151072 | I5: 0.73922858 | J5: 0.85664799 | K5: 0.61221893 | L5: 0.66940936 | M5: 1 | N5: 0.83263371 | O5: 0.83398228 | P5: 0.89398802
A6: 153 | Ba3Si6(NO6)2 | B6: 0.46778127 | C6: 0.43871106 | D6: 0.5274181 | E6: 0.50818044 | F6: 0 | G6: 0.53525198 | H6: 0.72194496 | I6: 0.76139602 | J6: 0.72185357 | K6: 0.776675 | L6: 0.740294 | M6: 0.94171999 | N6: 0.71931715 | O6: 0.74326904 | P6: 0.98984455
A7: 180 | Ba6Y2Al4O15 | B7: 0.46049459 | C7: 0.37392886 | D7: 0.43175988 | E7: 0.56134183 | F7: 0.53525198 | G7: 0 | H7: 0.59444317 | I7: 0.71345114 | J7: 0.89173306 | K7: 0.76275952 | L7: 0.76736809 | M7: 0.96280609 | N7: 0.8057675 | O7: 0.83592332 | P7: 0.96600654
A8: 15 | Rb2ZrSi2O7 | B8: 0.57302001 | C8: 0.57867937 | D8: 0.6041397 | E8: 0.68151072 | F8: 0.72194496 | G8: 0.59444317 | H8: 0 | I8: 0.48461536 | J8: 0.71133484 | K8: 0.48537864 | L8: 0.46441301 | M8: 0.72773871 | N8: 0.56414248 | O8: 0.61289339 | P8: 0.59599272
A9: 16 | Sr2LiSiO4F | B9: 0.70239456 | C9: 0.64605523 | D9: 0.66902798 | E9: 0.73922858 | F9: 0.76139602 | G9: 0.71345114 | H9: 0.48461536 | I9: 0 | J9: 0.77480104 | K9: 0.64130858 | L9: 0.5162251 | M9: 0.62893401 | N9: 0.68875283 | O9: 0.53241329 | P9: 0.59928022
A10: 157 | BaNa(B3O5)3 | B10: 0.81394488 | C10: 0.80205181 | D10: 0.77007898 | E10: 0.85664799 | F10: 0.72185357 | G10: 0.89173306 | H10: 0.71133484 | I10: 0.77480104 | J10: 0 | K10: 0.86906644 | L10: 0.84978127 | M10: 0.96393475 | N10: 0.78748309 | O10: 0.73487527 | P10: 0.87053425
A11: 199 | Cs2BaP2O7 | B11: 0.7690553 | C11: 0.66602175 | D11: 0.77450528 | E11: 0.61221893 | F11: 0.776675 | G11: 0.76275952 | H11: 0.48537864 | I11: 0.64130858 | J11: 0.86906644 | K11: 0 | L11: 0.59929896 | M11: 0.76828076 | N11: 0.74029908 | O11: 0.6708946 | P11: 0.68071629
A12: 261 | NaCaPO4 | B12: 0.6355418 | C12: 0.66749336 | D12: 0.77757362 | E12: 0.66940936 | F12: 0.740294 | G12: 0.76736809 | H12: 0.46441301 | I12: 0.5162251 | J12: 0.84978127 | K12: 0.59929896 | L12: 0 | M12: 0.72757889 | N12: 0.56196152 | O12: 0.61808361 | P12: 0.65184755
A13: 14 | K2RbNaLi12(SiO4)4 | B13: 0.92009467 | C13: 0.89355603 | D13: 0.97558047 | E13: 1 | F13: 0.94171999 | G13: 0.96280609 | H13: 0.72773871 | I13: 0.62893401 | J13: 0.96393475 | K13: 0.76828076 | L13: 0.72757889 | M13: 0 | N13: 0.67592134 | O13: 0.4792509 | P13: 0.59048004
... A16: 283 | RbLi7(SiO4)2 | B16: 0.89047909 | C16: 0.88110186 | D16: 0.84837488 | E16: 0.89398802 | F16: 0.98984455 | G16: 0.96600654 | H16: 0.59599272 | I16: 0.59928022 | J16: 0.87053425 | K16: 0.68071629 | L16: 0.65184755 | M16: 0.59048004 | N16: 0.69917603 | O16: 0.54119097 | P16: 0

Sheet Summary
A1: Metric | B1: Value
A2: Number_of_benchmarks | B2: 15
A3: Number_of_unique_pairs | B3: 105
A4: Maximum_raw_distance | B4: 2.901497
A5: Mean_raw_distance_all_pairs | B5: 2.0071781
A6: Median_raw_distance_all_pairs | B6: 2.0639359
A7: Mean_raw_distance_same_cluster | B7: 1.5664366
A8: Median_raw_distance_same_cluster | B8: 1.474484
A9: Mean_raw_distance_different_cluster | B9: 2.1918131
A10: Median_raw_distance_different_cluster | B10: 2.1828906
A11: Mean_normalized_distance_all_pairs | B11: 0.6917733
A12: Median_normalized_distance_all_pairs | B12: 0.71133484
A13: Mean_normalized_distance_same_cluster | B13: 0.53987188
... A16: Median_normalized_distance_different_cluster | B16: 0.75233253

Sheet Benchmark_Properties
A1: Composition | B1: FWHM_nm
A2: RbLi7(SiO4)2 | B2: 42
A3: K2RbNaLi12(SiO4)4 | B3: 51
A4: BaLi2SiO4 | B4: 61
A5: BaNa(B3O5)3 | B5: 61
A6: NaCaPO4 | B6: 65
A7: Ba3Si6(NO6)2 | B7: 68
A8: Ba6Y2Al4O15 | B8: 69
A9: Ba2MgSi2O7 | B9: 75
A10: Ba2Ca(BO3)2 | B10: 75
A11: SrAl2O4 | B11: 77
A12: Rb2ZrSi2O7 | B12: 91
A13: Cs2BaP2O7 | B13: 100
... A16: Ba2Mg(PO4)2 | B16: 120
